block_id,argument_id,seq,round,camp,role,agent_id,confidence,targets,cited_comment_ids,claim
305698686327490:c3,305698686327490:c3:r1:s1:bull,1,1,bull,technical_analysis_agent,bull_technical_analysis_agent,0.65,,c1;c2;c9,从社区讨论的预期语气来看，市场对房利美接受加密货币作为抵押品这一消息存在强烈的看涨预期，部分用户明确表达了上涨诉求，这种情绪上的反转预期本身构成技术面情绪指标的短期看涨信号。
305698686327490:c3,305698686327490:c3:r1:s2:bull,2,1,bull,fundamental_analysis_agent,bull_fundamental_analysis_agent,0.82,,c3;c1,房利美接受加密货币作为抵押品是传统金融体系对数字资产认可度提升的里程碑事件，其双贷款模型为加密持有者提供了不出售资产即可释放流动性的合规渠道，从基本面看将吸引增量资金和长期持有者进入市场，构成实质性利好。
305698686327490:c3,305698686327490:c3:r1:s3:bull,3,1,bull,sentiment_contagion_agent,bull_sentiment_contagion_agent,0.78,,c3;c1;c9,尽管根评论作者“十九岁交易员”仅陈述事实且无历史数据，但上下文评论中已出现明确的看涨情绪传染迹象：用户“只爱摩羯的狮子”以反问和经济学逻辑强烈主张利好，并描绘了“抵押换钱继续买币”的正反馈循环，这种高唤醒度的乐观解释极易在社区中引发FOMO模仿，从而放大看涨预期。
305698686327490:c3,305698686327490:c3:r1:s4:bull,4,1,bull,reflection_agent,bull_reflection_agent,0.55,,c1;c5;c8,房利美接受加密货币作为抵押品确实构成基本面利好，但当前社区看涨情绪的证据基础较为薄弱：多数评论仅表达简单方向判断（如“涨行不行”、“利好”），缺乏对双贷款模型具体机制如何传导至买盘的逻辑论证，且存在大量“还是暴跌”、“花式下跌”等反向情绪干扰。因此，看涨论点目前更多依赖叙事想象而非可验证的传导链条，需警惕过度乐观。
305698686327490:c3,305698686327490:c3:r1:s5:bear,5,1,bear,risk_analysis_agent,bear_risk_analysis_agent,0.75,305698686327490:c3:r1:s1:bull;305698686327490:c3:r1:s2:bull;305698686327490:c3:r1:s3:bull,c3;c4;c5;c7;c8,房利美接受加密货币作为抵押品这一事件本身蕴含显著的政策不确定性与市场风险，社区中大量存在的“利空”、“暴跌”等负面情绪并非空穴来风，而看涨论点所依赖的“抵押换钱继续买币”正反馈循环在监管和波动性风险面前极为脆弱，可能被市场负面解读所主导。
305698686327490:c3,305698686327490:c3:r1:s6:bear,6,1,bear,onchain_skeptic_agent,bear_onchain_skeptic_agent,0.8,305698686327490:c3:r1:s2:bull;305698686327490:c3:r1:s3:bull,c8;c5,当前所有看涨论点均未提供任何链上数据证据来证明该消息已引发实际的增量买入或积累行为；相反，社区中频繁出现的“还是暴跌”、“花式下跌”等表述暗示了潜在的抛售压力，在缺乏链上资金流入验证的情况下，仅凭叙事推断“抵押换钱继续买币”的正反馈循环是危险的，市场可能正在经历利好兑现或流动性退出的过程。
305698686327490:c3,305698686327490:c3:r1:s7:bear,7,1,bear,sentiment_reversal_agent,bear_sentiment_reversal_agent,0.82,305698686327490:c3:r1:s3:bull,c1;c5;c7;c8,当前社区中“只爱摩羯的狮子”所表达的强烈看涨情绪，其高唤醒度的反问句式（“怎么理解的你们！”、“怎么学的高中经济的你们！”）和描绘的“抵押换钱继续买币”正反馈循环，恰恰是散户情绪过度亢奋、可能处于FOMO末期的典型信号。这种不容置疑的乐观在缺乏实际资金流入验证的情况下，极易在市场实际走势（如多位用户提及的“还是暴跌”、“花式下跌”）面前发生剧烈反转，构成反向情绪指标。
305698686327490:c3,305698686327490:c3:r1:s8:bear,8,1,bear,reflection_agent,bear_reflection_agent,0.6,305698686327490:c3:r1:s5:bear;305698686327490:c3:r1:s6:bear;305698686327490:c3:r1:s7:bear,c3;c5,当前看空论点在风险识别和情绪解读上具有一致性，但最大的薄弱环节在于缺乏对“房利美事件”本身可能被市场短期负面定价的机制解释。社区中“利空”、“暴跌”等表述更多是情绪宣泄，而非基于双贷款模型风险传导的理性推演。因此，看空阵营需警惕将相关性（消息发布与价格下跌同时发生）简单等同于因果性，避免陷入纯粹的情绪共振。
305698686327490:c9,305698686327490:c9:r1:s1:bull,1,1,bull,technical_analysis_agent,bull_technical_analysis_agent,0.65,,c9;c1,从讨论情绪和预期语言来看，市场对利好消息的消化可能正在酝酿技术性反弹，多头情绪在关键支撑位附近有集结迹象。
305698686327490:c9,305698686327490:c9:r1:s2:bull,2,1,bull,fundamental_analysis_agent,bull_fundamental_analysis_agent,0.85,,c1;c3,房利美接受加密货币作为抵押品是传统金融体系接纳数字资产的里程碑事件，将直接创造新的买入需求并锁定流通量，构成实质性基本面利好。
305698686327490:c9,305698686327490:c9:r1:s3:bull,3,1,bull,sentiment_contagion_agent,bull_sentiment_contagion_agent,0.75,,c9;c1,尽管根评论“涨行不行”看似中性，但结合上下文评论中“肯定是利好啊”等明确看涨信号，以及发帖者极低的历史活跃度（冷启动），这种试探性发言更可能演变为FOMO驱动的乐观模仿，从而在讨论中放大看涨情绪。
305698686327490:c9,305698686327490:c9:r1:s4:bull,4,1,bull,reflection_agent,bull_reflection_agent,0.6,,c9;c1;c5;c8,房利美接受加密货币作为抵押品构成结构性利好，但当前社区讨论中看跌情绪浓厚，利好传导至价格需要时间，且存在“利好出尽”或宏观因素压制的风险，因此看涨逻辑需谨慎对待。
305698686327490:c9,305698686327490:c9:r1:s5:bear,5,1,bear,risk_analysis_agent,bear_risk_analysis_agent,0.8,305698686327490:c9:r1:s2:bull;305698686327490:c9:r1:s3:bull,c9;c4;c5;c6;c7;c8,房利美接受加密货币作为抵押品看似利好，但社区讨论中弥漫的“利空”、“暴跌”等负面情绪，以及产品本身存在的抵押品波动风险和复杂的双贷款结构，均指向市场对潜在风险的担忧远大于对利好的认可，短期内下行压力显著。
305698686327490:c9,305698686327490:c9:r1:s6:bear,6,1,bear,onchain_skeptic_agent,bear_onchain_skeptic_agent,0.7,305698686327490:c9:r1:s2:bull;305698686327490:c9:r1:s4:bull,c9,看多观点声称房利美政策将“锁定流通量”并创造“新的买入需求”，但在缺乏链上数据（如交易所余额、巨鲸地址变动）佐证的情况下，现有文本无法排除这是“利好出尽”或机构借机派发的信号，链上数据真空本身就是一个风险警示。
305698686327490:c9,305698686327490:c9:r1:s7:bear,7,1,bear,sentiment_reversal_agent,bear_sentiment_reversal_agent,0.78,305698686327490:c9:r1:s3:bull;305698686327490:c9:r1:s1:bull,c9;c1;c5;c8,社区中“肯定是利好啊”等高度确信的看涨言论，结合根评论“涨行不行”的试探性语气，恰恰暴露了当前乐观情绪的脆弱性——这种缺乏数据支撑的狂热共识往往是情绪见顶的逆向信号，而非持续上涨的可靠基础。
305698686327490:c9,305698686327490:c9:r1:s8:bear,8,1,bear,reflection_agent,bear_reflection_agent,0.65,305698686327490:c9:r1:s5:bear;305698686327490:c9:r1:s6:bear;305698686327490:c9:r1:s7:bear,,当前看空论点虽有力，但主要依赖社区情绪和逻辑推演，缺乏对房利美政策实际落地细节的深入剖析。最大的不确定性在于，若该产品能有效隔离抵押品波动风险（如超额抵押），则看空逻辑中的核心风险点将被削弱。
305698686327490:c8,305698686327490:c8:r1:s1:bull,1,1,bull,technical_analysis_agent,bull_technical_analysis_agent,0.65,,c8;c9;c1,尽管当前评论情绪偏空，但市场对利好消息的预期和部分交易员的看涨呼声，暗示价格可能已接近短期支撑位，存在技术性反弹需求。
305698686327490:c8,305698686327490:c8:r1:s2:bull,2,1,bull,fundamental_analysis_agent,bull_fundamental_analysis_agent,0.8,,c1,房利美接受加密货币作为抵押品是传统金融体系对数字资产的根本性认可，这一结构性利好将长期增加比特币的机构采用和市场需求，远非短期价格波动所能反映。
305698686327490:c8,305698686327490:c8:r1:s3:bull,3,1,bull,sentiment_contagion_agent,bull_sentiment_contagion_agent,0.75,,c8;c1;c9;c2,尽管根评论“今天花式下跌”表达了短期悲观情绪，但讨论区中已出现明确的看涨解读和模仿性乐观信号，这种情绪传染可能通过社交强化效应，将市场注意力从价格波动转向结构性利好，从而酝酿看涨共识。
305698686327490:c8,305698686327490:c8:r1:s4:bull,4,1,bull,reflection_agent,bull_reflection_agent,0.7,,c8;c1,当前看涨论点一致聚焦于房利美政策的长期结构性利好，逻辑自洽，但共同弱点是缺乏对短期恐慌情绪的合理解释。最稳健的看涨立场是：市场正处于“长期利好与短期恐慌”的认知分歧期，这种分歧本身往往是筑底阶段的特征，而非趋势逆转的信号。
305698686327490:c8,305698686327490:c8:r1:s5:bear,5,1,bear,risk_analysis_agent,bear_risk_analysis_agent,0.75,305698686327490:c8:r1:s2:bull;305698686327490:c8:r1:s4:bull,c8;c5;c4,房利美接受加密货币作为抵押品，其双贷款结构在加密资产剧烈波动时可能引发抵押品清算风险，而当前讨论区压倒性的“下跌”、“利空”和“暴跌”情绪，正是市场对这种潜在风险链的提前定价，而非简单的短期恐慌。
305698686327490:c8,305698686327490:c8:r1:s6:bear,6,1,bear,onchain_skeptic_agent,bear_onchain_skeptic_agent,0.7,305698686327490:c8:r1:s2:bull;305698686327490:c8:r1:s4:bull,c8;c5,看涨方将房利美政策解读为机构资金流入和积累的信号，但当前讨论区缺乏任何链上数据或资金流向证据来支撑这一推断。在缺乏透明数据验证的情况下，无法排除这是利好兑现后的派发机会，而非新一轮积累的开始。
305698686327490:c8,305698686327490:c8:r1:s7:bear,7,1,bear,sentiment_reversal_agent,bear_sentiment_reversal_agent,0.8,305698686327490:c8:r1:s3:bull,c8;c9;c1,看涨方将少数乐观评论视为情绪反转的萌芽，但“涨行不行”这类带有恳求语气的发言，恰恰是持仓者焦虑和希望市场配合的典型表现，而非信心坚定的信号。这种脆弱的乐观情绪极易在价格继续下跌时转化为恐慌性抛售，成为下跌中继的燃料。
305698686327490:c8,305698686327490:c8:r1:s8:bear,8,1,bear,reflection_agent,bear_reflection_agent,0.7,305698686327490:c8:r1:s4:bull,c8,当前看空论点已从情绪宣泄转向风险结构分析，逻辑链条更完整，但核心弱点在于均依赖对市场心理的推断，缺乏对价格行为本身的直接证据。最审慎的看空立场是：市场在重大消息发布后选择下跌，这一价格行为本身就是最直接的看空信号，它表明卖方压力正在吸收所有基于长期利好的买盘，而看涨方对此尚未给出合理解释。
305698686327490:c7,305698686327490:c7:r1:s1:bull,1,1,bull,technical_analysis_agent,bull_technical_analysis_agent,0.65,,c1;c9,尽管当前评论情绪偏空，但市场讨论中已出现对利好消息的强烈看涨预期，暗示价格可能已接近支撑位并酝酿反弹。
305698686327490:c7,305698686327490:c7:r1:s2:bull,2,1,bull,fundamental_analysis_agent,bull_fundamental_analysis_agent,0.8,,c1,房利美接受加密货币作为抵押品是传统金融体系对数字资产的重大认可，这一结构性利好将从根本上扩大加密资产的需求基础，而非短期价格波动所能否定。
305698686327490:c7,305698686327490:c7:r1:s3:bull,3,1,bull,sentiment_contagion_agent,bull_sentiment_contagion_agent,0.75,,c7;c1;c9,尽管根评论“然后还是跌”表达了短期悲观情绪，但讨论区内已出现明确的看涨解读和模仿性乐观信号，这种情绪传染可能通过社交强化扭转当前的空头氛围，为看涨预期蓄力。
305698686327490:c7,305698686327490:c7:r1:s4:bull,4,1,bull,reflection_agent,bull_reflection_agent,0.6,,c7;c1,当前看涨论点一致聚焦于房利美政策的长期结构性利好，但均未有效回应“利好落地即下跌”的即时市场反应，这构成了看涨逻辑的主要脆弱点。然而，这种短期下跌更可能是情绪宣泄而非趋势逆转，因为核心逻辑——传统机构接纳加密资产作为抵押品——并未被证伪。
305698686327490:c7,305698686327490:c7:r1:s5:bear,5,1,bear,risk_analysis_agent,bear_risk_analysis_agent,0.8,305698686327490:c7:r1:s1:bull;305698686327490:c7:r1:s2:bull;305698686327490:c7:r1:s3:bull;305698686327490:c7:r1:s4:bull,c7;c4;c5,房利美接受加密货币作为抵押品，表面上构成利好，但该政策引入了新的系统性风险：加密资产的高波动性作为抵押品，可能在市场下行时触发螺旋式清算，加剧价格下跌，而当前社区评论中弥漫的“利空”和“暴跌”情绪正是对这种潜在风险的提前定价。
305698686327490:c7,305698686327490:c7:r1:s6:bear,6,1,bear,onchain_skeptic_agent,bear_onchain_skeptic_agent,0.75,305698686327490:c7:r1:s1:bull;305698686327490:c7:r1:s2:bull,c7,看涨方声称房利美政策将带来资金流入并推动价格上涨，但当前讨论中缺乏任何链上数据（如交易所流入、稳定币增发或巨鲸地址变动）来佐证这一预期，仅凭文本情绪推断需求增长是脆弱的，无法排除这是利好兑现后的派发陷阱。
305698686327490:c7,305698686327490:c7:r1:s7:bear,7,1,bear,sentiment_reversal_agent,bear_sentiment_reversal_agent,0.8,305698686327490:c7:r1:s1:bull;305698686327490:c7:r1:s3:bull,c1;c7;c5,看涨方将“允许加密货币做抵押”解读为市场资金增加和价格上涨的强逻辑，但这种高度一致且带有攻击性（“怎么学的”）的乐观解读，恰恰是情绪过度亢奋、可能已接近短期反转点的信号，而非可靠的买入依据。
305698686327490:c7,305698686327490:c7:r1:s8:bear,8,1,bear,reflection_agent,bear_reflection_agent,0.7,305698686327490:c7:r1:s1:bull;305698686327490:c7:r1:s2:bull;305698686327490:c7:r1:s3:bull;305698686327490:c7:r1:s4:bull,c7;c1,当前看空论点已从情绪宣泄转向对政策内在风险的剖析，但主要薄弱点在于缺乏对“利好落地”后市场反应的直接证据。然而，社区内对利好消息的激烈看涨解读（如c1）与根评论“然后还是跌”的冷漠现实形成鲜明对比，这种认知分裂本身强化了短期下行压力，因为市场需要消化过度乐观的预期。
305698686327490:c6,305698686327490:c6:r1:s1:bull,1,1,bull,technical_analysis_agent,bull_technical_analysis_agent,0.75,,c1;c2;c9,从讨论情绪和预期语言来看，市场对利好消息存在强烈的看涨解读倾向，这通常预示着潜在的买盘动能。
305698686327490:c6,305698686327490:c6:r1:s2:bull,2,1,bull,fundamental_analysis_agent,bull_fundamental_analysis_agent,0.85,,c1,房利美接受加密货币作为抵押品，标志着传统金融体系对数字资产的实质性整合，这将从供需两端改善市场基本面：为加密持有者创造新的购买力，同时减少市场抛压。
305698686327490:c6,305698686327490:c6:r1:s3:bull,3,1,bull,sentiment_contagion_agent,bull_sentiment_contagion_agent,0.8,,c6;c1;c2,尽管根评论“利空？”表达了不确定性，但讨论区中明确看涨的评论（如c1）获得了更高的认知权威和逻辑支撑，这种积极的情绪传染可能通过社会认同效应，将原本中立的围观者转化为乐观预期，从而放大市场的看涨共识。
305698686327490:c6,305698686327490:c6:r1:s4:bull,4,1,bull,reflection_agent,bull_reflection_agent,0.65,,c6;c5;c7;c1,当前看涨论点在逻辑上成立，但过度依赖单一评论（c1）的权威性，且忽视了讨论区中普遍存在的“利好不涨”的悲观情绪，这构成了看涨共识的主要不确定性。
305698686327490:c6,305698686327490:c6:r1:s5:bear,5,1,bear,risk_analysis_agent,bear_risk_analysis_agent,0.8,305698686327490:c6:r1:s1:bull;305698686327490:c6:r1:s2:bull;305698686327490:c6:r1:s3:bull,c6;c4;c5;c7;c8,讨论区中普遍存在的“利好不涨”或“利好即利空”的悲观情绪，以及根评论“利空？”所代表的市场不确定性，构成了对看涨共识的重大风险。这种情绪可能反映了市场对政策落地细节的疑虑，或对“消息兑现即卖出”的担忧，从而引发抛售。
305698686327490:c6,305698686327490:c6:r1:s6:bear,6,1,bear,onchain_skeptic_agent,bear_onchain_skeptic_agent,0.7,305698686327490:c6:r1:s2:bull,c6,看涨论点声称该政策能减少抛压并创造新购买力，但现有讨论和文本中完全缺乏链上数据支持，无法排除这是机构或大户借利好进行派发的信号。
305698686327490:c6,305698686327490:c6:r1:s7:bear,7,1,bear,sentiment_reversal_agent,bear_sentiment_reversal_agent,0.85,305698686327490:c6:r1:s3:bull,c6;c1;c5;c7;c8,讨论区中“利好”解读（c1）的强烈自信与“还是暴跌”（c5）、“然后还是跌”（c7）等普遍悲观现实描述并存，这种情绪分裂恰恰是典型的“利好麻木”信号，表明市场已对正面消息脱敏，看涨共识极度脆弱，极易发生情绪反转。
305698686327490:c6,305698686327490:c6:r1:s8:bear,8,1,bear,reflection_agent,bear_reflection_agent,0.6,305698686327490:c6:r1:s1:bull;305698686327490:c6:r1:s2:bull;305698686327490:c6:r1:s3:bull;305698686327490:c6:r1:s4:bull,c6;c5;c7,当前看空论点虽捕捉到了“利好麻木”的情绪信号，但其主要证据来自讨论区内的悲观表述，缺乏对政策实际落地障碍或链上派发行为的直接证明，因此看空共识同样面临证据薄弱的极化风险。
305698686327490:c2,305698686327490:c2:r1:s1:bull,1,1,bull,technical_analysis_agent,bull_technical_analysis_agent,0.65,,c2;c1;c9,市场讨论中看涨情绪正在积聚，尽管存在看跌声音，但核心利好逻辑（抵押推动资金流入）被明确阐述，且存在直接的上涨诉求，这从市场心理层面为价格反弹提供了支撑。
305698686327490:c2,305698686327490:c2:r1:s2:bull,2,1,bull,fundamental_analysis_agent,bull_fundamental_analysis_agent,0.85,,c1;c3,房利美接受加密货币作为抵押品是传统金融采纳数字资产的里程碑事件，其核心机制——允许持有者在不触发应税事件的情况下抵押加密资产换取流动性并继续持有——将从基本面改变BTC的供需结构，减少抛压并引入增量资金，构成长期利好。
305698686327490:c2,305698686327490:c2:r1:s3:bull,3,1,bull,sentiment_contagion_agent,bull_sentiment_contagion_agent,0.7,,c2;c1,尽管讨论区存在看跌杂音，但核心看涨逻辑已由用户“只爱摩羯的狮子”清晰阐述，其乐观且带有说服性的语气可能引发FOMO情绪传染，而用户“买多做空”的简短结论“市场利好那就是南下”则暗示了资金流向的积极预期，两者结合有望在社区内放大看涨共识。
305698686327490:c2,305698686327490:c2:r1:s4:bull,4,1,bull,reflection_agent,bull_reflection_agent,0.6,,c1;c8,房利美接受加密货币作为抵押品，其核心机制确实为BTC持有者提供了“不出售即融资”的通道，这从逻辑上减少了潜在抛压并创造了新的买入需求，构成结构性利好。但当前看涨论点过度依赖这一单一叙事，忽略了市场短期情绪与价格走势的背离风险。
305698686327490:c2,305698686327490:c2:r1:s5:bear,5,1,bear,risk_analysis_agent,bear_risk_analysis_agent,0.8,305698686327490:c2:r1:s1:bull;305698686327490:c2:r1:s2:bull;305698686327490:c2:r1:s3:bull,c3;c4;c5;c6;c7;c8,当前讨论区存在显著的看跌情绪与不确定性，多个用户直接表达“利空”、“暴跌”或质疑，这与看涨论点所依赖的单一叙事形成强烈反差。在缺乏具体政策细节和落地时间表的情况下，市场对“利好”消息的麻木和负面解读本身就是一个重要的风险信号，暗示价格可能继续承压。
305698686327490:c2,305698686327490:c2:r1:s6:bear,6,1,bear,onchain_skeptic_agent,bear_onchain_skeptic_agent,0.75,305698686327490:c2:r1:s2:bull;305698686327490:c2:r1:s3:bull,c2;c5,看涨论点声称抵押机制将减少抛压并引入增量资金，但现有讨论文本中没有任何链上数据（如交易所流入量、巨鲸地址变动、稳定币储备）能证明当前市场处于积累阶段而非派发阶段。在缺乏数据验证的情况下，无法排除这是利好掩护出货的陷阱。
305698686327490:c2,305698686327490:c2:r1:s7:bear,7,1,bear,sentiment_reversal_agent,bear_sentiment_reversal_agent,0.8,305698686327490:c2:r1:s3:bull,c1;c5;c8,看涨论点将用户“只爱摩羯的狮子”的乐观阐述视为FOMO情绪传染的起点，但这恰恰可能是情绪见顶的反转信号。其带有攻击性的语气（“怎么学的高中经济的你们！”）暴露了持有者急于说服他人的焦虑心态，而非理性的坚定看涨。同时，讨论区大量“还是暴跌”、“花式下跌”等简短看跌评论与看涨叙事并存，表明市场共识远未形成，乐观情绪脆弱且可能已过度拥挤。
305698686327490:c2,305698686327490:c2:r1:s8:bear,8,1,bear,reflection_agent,bear_reflection_agent,0.65,305698686327490:c2:r1:s5:bear;305698686327490:c2:r1:s7:bear,c4;c5,当前看跌论点有效捕捉了市场情绪与叙事间的背离，但主要风险在于过度依赖评论区少数用户的简短负面表达作为看跌证据，这些评论可能仅是情绪宣泄而非基于逻辑的看空。看跌方需警惕将‘缺乏共识’等同于‘看跌共识’的逻辑跳跃。
305698686327490:c5,305698686327490:c5:r1:s1:bull,1,1,bull,technical_analysis_agent,bull_technical_analysis_agent,0.65,,c5;c1;c9,尽管当前评论情绪偏空，但市场讨论中已出现对“利好”的强烈预期和“涨行不行”的底部反转渴望，这从技术面情绪指标来看，往往是超卖后潜在反弹的前兆。
305698686327490:c5,305698686327490:c5:r1:s2:bull,2,1,bull,fundamental_analysis_agent,bull_fundamental_analysis_agent,0.88,,c1,房利美接受加密货币作为抵押品是传统金融体系对数字资产的根本性接纳，这一基本面进展将长期增加比特币的机构化持有需求和抵押品效用，而非短期情绪所能逆转。
305698686327490:c5,305698686327490:c5:r1:s3:bull,3,1,bull,sentiment_contagion_agent,bull_sentiment_contagion_agent,0.78,,c5;c1;c9,尽管根评论“还是暴跌”表达了悲观情绪，但讨论区内已出现明确的看涨解读和渴望上涨的模仿性提问，这种分歧是乐观情绪传染的早期信号，可能引发FOMO效应。
305698686327490:c5,305698686327490:c5:r1:s4:bull,4,1,bull,reflection_agent,bull_reflection_agent,0.6,,c5;c7,当前看涨论点在基本面上有坚实支撑，但情绪面和技术面的论证过度依赖对少数评论的乐观解读，忽略了市场整体“还是暴跌”的悲观基调，需警惕短期情绪与长期价值之间的时间错配风险。
305698686327490:c5,305698686327490:c5:r1:s5:bear,5,1,bear,risk_analysis_agent,bear_risk_analysis_agent,0.82,305698686327490:c5:r1:s2:bull,c5;c4;c7,房利美接受加密货币作为抵押品，表面上构成利好，但该政策引入了新的系统性风险：加密资产的高波动性作为抵押品，在极端市场行情下可能引发抵押品价值崩溃与连锁清算，而当前讨论区中“还是暴跌”、“利空”等压倒性的负面情绪，正是市场对这一潜在风险的提前定价。
305698686327490:c5,305698686327490:c5:r1:s6:bear,6,1,bear,onchain_skeptic_agent,bear_onchain_skeptic_agent,0.75,305698686327490:c5:r1:s2:bull,c5;c7,看涨方声称房利美政策将增加机构持有和抵押品效用，但现有讨论中缺乏任何链上数据（如交易所净流入、巨鲸地址变动）来证明当前市场正在发生“积累”而非“派发”，仅凭政策声明无法排除大户借利好出货的风险。
305698686327490:c5,305698686327490:c5:r1:s7:bear,7,1,bear,sentiment_reversal_agent,bear_sentiment_reversal_agent,0.8,305698686327490:c5:r1:s1:bull;305698686327490:c5:r1:s3:bull,c5;c1;c8;c7,讨论区中“肯定是利好啊”等高度自信的看涨解读，与“还是暴跌”、“花式下跌”等压倒性的悲观现实描述形成尖锐对立，这种在下跌趋势中出现的少数极端乐观情绪，往往是散户FOMO接盘而非趋势反转的信号，极易被市场继续下跌所证伪。
305698686327490:c5,305698686327490:c5:r1:s8:bear,8,1,bear,reflection_agent,bear_reflection_agent,0.65,305698686327490:c5:r1:s5:bear;305698686327490:c5:r1:s7:bear,c5;c8,当前看空论点在风险逻辑和情绪结构上具有一致性，但主要弱点在于过度依赖评论区的悲观情绪作为市场定价的证据，而忽略了“还是暴跌”等表述可能只是对已发生行情的滞后描述，而非对房利美政策利空影响的直接判断。
305698686327490:c1,305698686327490:c1:r1:s1:bull,1,1,bull,technical_analysis_agent,bull_technical_analysis_agent,0.65,,c1;c5;c8;c9,从讨论情绪和预期管理角度看，市场对利好消息的消化已进入‘利空出尽’阶段，看跌声音集中但缺乏具体技术指标支撑，反而为多头反弹提供了情绪基础。
305698686327490:c1,305698686327490:c1:r1:s2:bull,2,1,bull,fundamental_analysis_agent,bull_fundamental_analysis_agent,0.8,,c1,房利美接受加密货币作为抵押品，是传统金融机构对数字资产底层价值认可的重大突破，将从根本上拓宽比特币的应用场景和长期需求，构成实质性基本面利好。
305698686327490:c1,305698686327490:c1:r1:s3:bull,3,1,bull,sentiment_contagion_agent,bull_sentiment_contagion_agent,0.75,,c1;c9,根评论以强烈的反问语气和简化的经济逻辑传播看涨预期，这种自信的表达方式在社区中极易引发FOMO情绪，并可能通过社会认同机制压制周围的怀疑声音，形成乐观情绪的自我强化。
305698686327490:c1,305698686327490:c1:r1:s4:bull,4,1,bull,reflection_agent,bull_reflection_agent,0.6,,c1;c5,房利美接受加密货币作为抵押品确实构成基本面利好，但当前社区看跌情绪集中，且缺乏对政策落地节奏和抵押品波动风险的具体讨论，利好兑现可能需要时间，短期应警惕过度乐观。
305698686327490:c1,305698686327490:c1:r1:s5:bear,5,1,bear,risk_analysis_agent,bear_risk_analysis_agent,0.7,305698686327490:c1:r1:s2:bull;305698686327490:c1:r1:s3:bull,c1;c4;c5;c7;c8;c3,房利美接受加密货币作为抵押品，表面上构成利好，但社区中大量‘还是暴跌’、‘利空’等负面言论反映出市场对政策落地风险、抵押品波动性及宏观不确定性的深层担忧，这些风险因素可能轻易抵消甚至逆转所谓的‘基本面利好’。
305698686327490:c1,305698686327490:c1:r1:s6:bear,6,1,bear,onchain_skeptic_agent,bear_onchain_skeptic_agent,0.75,305698686327490:c1:r1:s1:bull;305698686327490:c1:r1:s2:bull,c1;c5;c7,当前讨论中没有任何链上数据或资金流向证据能证明市场存在真实的增量买入，仅凭政策消息推断‘资金增加’缺乏数据支撑，无法排除这是利好预期下的筹码派发陷阱。
305698686327490:c1,305698686327490:c1:r1:s7:bear,7,1,bear,sentiment_reversal_agent,bear_sentiment_reversal_agent,0.8,305698686327490:c1:r1:s3:bull,c1;c5;c8,根评论‘只爱摩羯的狮子’以反问和嘲讽语气强行解读利好，这种居高临下的自信恰恰是情绪过度亢奋的典型信号，往往出现在短期价格动能耗尽、乐观情绪即将反转的节点。
305698686327490:c1,305698686327490:c1:r1:s8:bear,8,1,bear,reflection_agent,bear_reflection_agent,0.55,305698686327490:c1:r1:s2:bull,c1,当前看空论点虽多，但普遍缺乏对房利美政策具体条款（如双贷款模型、抵押品保管机制）的深入分析，这使得看空阵营的论证停留在情绪层面，容易被基本面利好论点所瓦解。
305698686327490:c4,305698686327490:c4:r1:s1:bull,1,1,bull,technical_analysis_agent,bull_technical_analysis_agent,0.65,,c1;c9,市场讨论中已出现明确的看涨预期和反转呼声，尽管部分评论提及下跌，但‘涨行不行’等直接看涨表达以及‘利好’解读所隐含的资金流入预期，构成了技术面情绪上的潜在反弹信号。
305698686327490:c4,305698686327490:c4:r1:s2:bull,2,1,bull,fundamental_analysis_agent,bull_fundamental_analysis_agent,0.85,,c1;c3,房利美接受加密货币作为抵押品是传统金融体系对数字资产的根本性接纳，这一产品创新解决了加密持有者‘不愿出售但需融资’的核心痛点，将直接扩大比特币的实际应用场景和长期持有需求，构成基本面层面的实质性利好。
305698686327490:c4,305698686327490:c4:r1:s3:bull,3,1,bull,sentiment_contagion_agent,bull_sentiment_contagion_agent,0.7,,c4;c1;c9,尽管根评论‘利空’简短且缺乏互动，但整个讨论区块中已出现明确的看涨情绪传染迹象：‘只爱摩羯的狮子’的详细利好解读正在形成意见领袖效应，而‘涨行不行’等直接看涨表达则反映了散户的FOMO萌芽，这种乐观的社会强化可能通过后续回复放大，抵消少数看跌声音。
305698686327490:c4,305698686327490:c4:r1:s4:bull,4,1,bull,reflection_agent,bull_reflection_agent,0.55,,c4;c7;c8,房利美接受加密货币作为抵押品，在基本面上确实构成了一个‘降低卖压、增加持有需求’的长期利好逻辑。但当前看涨论点过度依赖这一单一叙事，忽略了市场短期情绪中弥漫的‘利好落地即下跌’的惯性怀疑。看涨论点若要成立，需要后续证据证明市场资金确实因该政策而流入，而非仅停留在概念炒作阶段。
305698686327490:c4,305698686327490:c4:r1:s5:bear,5,1,bear,risk_analysis_agent,bear_risk_analysis_agent,0.8,305698686327490:c4:r1:s1:bull;305698686327490:c4:r1:s2:bull;305698686327490:c4:r1:s3:bull,c4;c5;c7;c8,房利美接受加密货币作为抵押品这一事件，在短期市场情绪中并未被解读为利好，反而触发了‘利好出尽’的强烈风险信号。讨论区块内弥漫的‘还是暴跌’、‘花式下跌’等负面预期，以及根评论‘利空’的定性，表明市场对该政策的实际资金流入效应存在深度怀疑，短期下行风险远大于看涨预期。
305698686327490:c4,305698686327490:c4:r1:s6:bear,6,1,bear,onchain_skeptic_agent,bear_onchain_skeptic_agent,0.75,305698686327490:c4:r1:s1:bull;305698686327490:c4:r1:s2:bull;305698686327490:c4:r1:s3:bull,c7;c8,当前所有看涨论点均建立在‘政策利好将转化为实际资金流入’的假设之上，但讨论区块中没有任何链上数据或资金流向证据支持这一转化。相反，多个用户提及‘还是暴跌’、‘花式下跌’，暗示市场可能正在经历资金流出或筹码派发，看涨方未能提供任何数据来排除这种链上风险。
305698686327490:c4,305698686327490:c4:r1:s7:bear,7,1,bear,sentiment_reversal_agent,bear_sentiment_reversal_agent,0.8,305698686327490:c4:r1:s1:bull;305698686327490:c4:r1:s3:bull,c4;c8;c5;c1;c9,讨论区块中出现的看涨情绪，如‘只爱摩羯的狮子’的利好解读和‘涨行不行’的期待，并非新一轮牛市的起点，而是市场在持续下跌背景下的‘希望性反弹’和晚期FOMO萌芽。这种在‘花式下跌’、‘还是暴跌’等普遍悲观基调中孤立的乐观，恰恰是情绪尚未见底、反转极易失败的典型特征。
305698686327490:c4,305698686327490:c4:r1:s8:bear,8,1,bear,reflection_agent,bear_reflection_agent,0.6,305698686327490:c4:r1:s5:bear;305698686327490:c4:r1:s6:bear,,当前看空论点在情绪证据上较为扎实，但存在过度依赖短期评论而忽略政策长期复杂性的风险。房利美接受加密货币作为抵押品，其实际落地面临抵押品波动率管理、监管合规及清算机制等未解难题，这些执行层面的不确定性可能在未来数月持续压制市场信心，而非一次性‘利好出尽’后即被消化。
