block_id,argument_id,seq,camp,role,evidence_index,source_type,source_id,relevance,quote
305698686327490:c3,305698686327490:c3:r1:s1:bull,1,bull,technical_analysis_agent,1,root_comment,c1,0.9,肯定是利好啊，怎么理解的你们！允许加密货币做抵押，抵押换钱继续买币，市场资金增加，推动价格上涨，怎么学的高中经济的你们！
305698686327490:c3,305698686327490:c3:r1:s1:bull,1,bull,technical_analysis_agent,2,root_comment,c2,0.7,市场利好那就是南下
305698686327490:c3,305698686327490:c3:r1:s1:bull,1,bull,technical_analysis_agent,3,root_comment,c9,0.6,涨行不行
305698686327490:c3,305698686327490:c3:r1:s2:bull,2,bull,fundamental_analysis_agent,1,post,305698686327490,0.95,房利美(Fannie Mae)宣布将接受加密货币作为抵押贷款的担保品...该产品由Better Home & Finance开发，使借款人在购买房屋时能够将比特币和USDC等加密货币持有作为抵押品...该模型针对持有大量加密资产但不愿出售的投资者，使他们能够避免潜在的税务事件，同时保持对未来价格变动的曝光。
305698686327490:c3,305698686327490:c3:r1:s2:bull,2,bull,fundamental_analysis_agent,2,root_comment,c3,0.7,这不是26号的事吗，为了避嫌，连coinbase都不打上去了，这是房地美和coinbase的合作
305698686327490:c3,305698686327490:c3:r1:s2:bull,2,bull,fundamental_analysis_agent,3,reply,c1,0.85,肯定是利好啊，怎么理解的你们！允许加密货币做抵押，抵押换钱继续买币，市场资金增加，推动价格上涨，怎么学的高中经济的你们！
305698686327490:c3,305698686327490:c3:r1:s3:bull,3,bull,sentiment_contagion_agent,1,root_comment,c3,0.3,这不是26号的事吗，为了避嫌，连coinbase都不打上去了，这是房地美和coinbase的合作
305698686327490:c3,305698686327490:c3:r1:s3:bull,3,bull,sentiment_contagion_agent,2,reply,c1,0.9,肯定是利好啊，怎么理解的你们！允许加密货币做抵押，抵押换钱继续买币，市场资金增加，推动价格上涨，怎么学的高中经济的你们！
305698686327490:c3,305698686327490:c3:r1:s3:bull,3,bull,sentiment_contagion_agent,3,reply,c9,0.6,涨行不行
305698686327490:c3,305698686327490:c3:r1:s3:bull,3,bull,sentiment_contagion_agent,4,profile,十九岁交易员,0.2,"stance_bias: 0.0, history_count: 0, 无法判断其历史立场，但其陈述为中性事实，未构成看跌压制。"
305698686327490:c3,305698686327490:c3:r1:s4:bull,4,bull,reflection_agent,1,prior_argument,305698686327490:c3:r1:s2:bull,0.85,房利美接受加密货币作为抵押品是传统金融体系对数字资产认可度提升的里程碑事件，其双贷款模型为加密持有者提供了不出售资产即可释放流动性的合规渠道，从基本面看将吸引增量资金和长期持有者进入市场，构成实质性利好。
305698686327490:c3,305698686327490:c3:r1:s4:bull,4,bull,reflection_agent,2,prior_argument,305698686327490:c3:r1:s3:bull,0.75,用户“只爱摩羯的狮子”以反问和经济学逻辑强烈主张利好，并描绘了“抵押换钱继续买币”的正反馈循环，这种高唤醒度的乐观解释极易在社区中引发FOMO模仿。
305698686327490:c3,305698686327490:c3:r1:s4:bull,4,bull,reflection_agent,3,root_comment,c1,0.7,肯定是利好啊，怎么理解的你们！允许加密货币做抵押，抵押换钱继续买币，市场资金增加，推动价格上涨。
305698686327490:c3,305698686327490:c3:r1:s4:bull,4,bull,reflection_agent,4,root_comment,c8,0.6,今天花式下跌
305698686327490:c3,305698686327490:c3:r1:s4:bull,4,bull,reflection_agent,5,root_comment,c5,0.6,还是暴跌
305698686327490:c3,305698686327490:c3:r1:s5:bear,5,bear,risk_analysis_agent,1,root_comment,c3,0.85,这不是26号的事吗，为了避嫌，连coinbase都不打上去了，这是房地美和coinbase的合作
305698686327490:c3,305698686327490:c3:r1:s5:bear,5,bear,risk_analysis_agent,2,post,305698686327490,0.9,作为抵押品的加密货币在贷款期间被保管，无法进行交易。即使加密货币价格波动，只要借款人继续支付，贷款条款也保持不变。
305698686327490:c3,305698686327490:c3:r1:s5:bear,5,bear,risk_analysis_agent,3,reply,c4,0.7,利空
305698686327490:c3,305698686327490:c3:r1:s5:bear,5,bear,risk_analysis_agent,4,reply,c5,0.7,还是暴跌
305698686327490:c3,305698686327490:c3:r1:s5:bear,5,bear,risk_analysis_agent,5,reply,c7,0.65,然后还是跌
305698686327490:c3,305698686327490:c3:r1:s5:bear,5,bear,risk_analysis_agent,6,reply,c8,0.65,今天花式下跌
305698686327490:c3,305698686327490:c3:r1:s5:bear,5,bear,risk_analysis_agent,7,prior_argument,305698686327490:c3:r1:s4:bull,0.8,当前社区看涨情绪的证据基础较为薄弱：多数评论仅表达简单方向判断...且存在大量“还是暴跌”、“花式下跌”等反向情绪干扰。
305698686327490:c3,305698686327490:c3:r1:s6:bear,6,bear,onchain_skeptic_agent,1,prior_argument,305698686327490:c3:r1:s2:bull,0.9,房利美接受加密货币作为抵押品...将吸引增量资金和长期持有者进入市场，构成实质性利好。
305698686327490:c3,305698686327490:c3:r1:s6:bear,6,bear,onchain_skeptic_agent,2,prior_argument,305698686327490:c3:r1:s3:bull,0.85,用户“只爱摩羯的狮子”...描绘了“抵押换钱继续买币”的正反馈循环...
305698686327490:c3,305698686327490:c3:r1:s6:bear,6,bear,onchain_skeptic_agent,3,root_comment,c8,0.7,今天花式下跌
305698686327490:c3,305698686327490:c3:r1:s6:bear,6,bear,onchain_skeptic_agent,4,root_comment,c5,0.7,还是暴跌
305698686327490:c3,305698686327490:c3:r1:s7:bear,7,bear,sentiment_reversal_agent,1,root_comment,c1,0.95,肯定是利好啊，怎么理解的你们！允许加密货币做抵押，抵押换钱继续买币，市场资金增加，推动价格上涨，怎么学的高中经济的你们！
305698686327490:c3,305698686327490:c3:r1:s7:bear,7,bear,sentiment_reversal_agent,2,root_comment,c5,0.8,还是暴跌
305698686327490:c3,305698686327490:c3:r1:s7:bear,7,bear,sentiment_reversal_agent,3,root_comment,c7,0.8,然后还是跌
305698686327490:c3,305698686327490:c3:r1:s7:bear,7,bear,sentiment_reversal_agent,4,root_comment,c8,0.85,今天花式下跌
305698686327490:c3,305698686327490:c3:r1:s7:bear,7,bear,sentiment_reversal_agent,5,prior_argument,305698686327490:c3:r1:s3:bull,0.9,用户“只爱摩羯的狮子”以反问和经济学逻辑强烈主张利好，并描绘了“抵押换钱继续买币”的正反馈循环，这种高唤醒度的乐观解释极易在社区中引发FOMO模仿
305698686327490:c3,305698686327490:c3:r1:s8:bear,8,bear,reflection_agent,1,prior_argument,305698686327490:c3:r1:s5:bear,0.8,房利美接受加密货币作为抵押品这一事件本身蕴含显著的政策不确定性与市场风险...看涨论点所依赖的“抵押换钱继续买币”正反馈循环在监管和波动性风险面前极为脆弱
305698686327490:c3,305698686327490:c3:r1:s8:bear,8,bear,reflection_agent,2,prior_argument,305698686327490:c3:r1:s6:bear,0.85,当前所有看涨论点均未提供任何链上数据证据来证明该消息已引发实际的增量买入或积累行为...在缺乏链上资金流入验证的情况下，仅凭叙事推断“抵押换钱继续买币”的正反馈循环是危险的
305698686327490:c3,305698686327490:c3:r1:s8:bear,8,bear,reflection_agent,3,prior_argument,305698686327490:c3:r1:s7:bear,0.9,“只爱摩羯的狮子”所表达的强烈看涨情绪...恰恰是散户情绪过度亢奋、可能处于FOMO末期的典型信号...极易在市场实际走势（如多位用户提及的“还是暴跌”、“花式下跌”）面前发生剧烈反转
305698686327490:c3,305698686327490:c3:r1:s8:bear,8,bear,reflection_agent,4,root_comment,c3,0.6,这不是26号的事吗，为了避嫌，连coinbase都不打上去了，这是房地美和coinbase的合作
305698686327490:c3,305698686327490:c3:r1:s8:bear,8,bear,reflection_agent,5,post,c5,0.5,还是暴跌
305698686327490:c9,305698686327490:c9:r1:s1:bull,1,bull,technical_analysis_agent,1,root_comment,c9,0.8,涨行不行
305698686327490:c9,305698686327490:c9:r1:s1:bull,1,bull,technical_analysis_agent,2,post,305698686327490,0.7,房利美(Fannie Mae)宣布将接受加密货币作为抵押贷款的担保品，此举标志着传统金融机构对加密货币的接受度提高。
305698686327490:c9,305698686327490:c9:r1:s1:bull,1,bull,technical_analysis_agent,3,reply,c1,0.9,肯定是利好啊，怎么理解的你们！允许加密货币做抵押，抵押换钱继续买币，市场资金增加，推动价格上涨
305698686327490:c9,305698686327490:c9:r1:s2:bull,2,bull,fundamental_analysis_agent,1,post,305698686327490,0.95,房利美(Fannie Mae)宣布将接受加密货币作为抵押贷款的担保品...借款人可以在不出售加密货币持有的情况下资助首付款...作为抵押品的加密货币在贷款期间被保管，无法进行交易。
305698686327490:c9,305698686327490:c9:r1:s2:bull,2,bull,fundamental_analysis_agent,2,root_comment,c1,0.9,肯定是利好啊...允许加密货币做抵押，抵押换钱继续买币，市场资金增加，推动价格上涨
305698686327490:c9,305698686327490:c9:r1:s2:bull,2,bull,fundamental_analysis_agent,3,root_comment,c3,0.7,这是房地美和coinbase的合作
305698686327490:c9,305698686327490:c9:r1:s3:bull,3,bull,sentiment_contagion_agent,1,root_comment,c9,0.8,涨行不行
305698686327490:c9,305698686327490:c9:r1:s3:bull,3,bull,sentiment_contagion_agent,2,reply,c1,0.9,肯定是利好啊，怎么理解的你们！允许加密货币做抵押，抵押换钱继续买币，市场资金增加，推动价格上涨，怎么学的高中经济的你们！
305698686327490:c9,305698686327490:c9:r1:s3:bull,3,bull,sentiment_contagion_agent,3,profile,天才交易员952,0.7,"history_count: 0, stance_bias: 0.0, activity: 0.0"
305698686327490:c9,305698686327490:c9:r1:s4:bull,4,bull,reflection_agent,1,post,305698686327490,0.9,房利美(Fannie Mae)宣布将接受加密货币作为抵押贷款的担保品...允许使用比特币和USDC作为抵押品...借款人可以在不出售加密货币持有的情况下资助首付款。
305698686327490:c9,305698686327490:c9:r1:s4:bull,4,bull,reflection_agent,2,root_comment,c9,0.6,涨行不行
305698686327490:c9,305698686327490:c9:r1:s4:bull,4,bull,reflection_agent,3,prior_argument,305698686327490:c9:r1:s2:bull,0.8,房利美接受加密货币作为抵押品是传统金融体系接纳数字资产的里程碑事件，将直接创造新的买入需求并锁定流通量，构成实质性基本面利好。
305698686327490:c9,305698686327490:c9:r1:s4:bull,4,bull,reflection_agent,4,prior_argument,305698686327490:c9:r1:s3:bull,0.7,结合上下文评论中“肯定是利好啊”等明确看涨信号...这种试探性发言更可能演变为FOMO驱动的乐观模仿。
305698686327490:c9,305698686327490:c9:r1:s4:bull,4,bull,reflection_agent,5,reply,c5,0.5,还是暴跌
305698686327490:c9,305698686327490:c9:r1:s4:bull,4,bull,reflection_agent,6,reply,c8,0.5,今天花式下跌
305698686327490:c9,305698686327490:c9:r1:s5:bear,5,bear,risk_analysis_agent,1,root_comment,c9,0.7,涨行不行
305698686327490:c9,305698686327490:c9:r1:s5:bear,5,bear,risk_analysis_agent,2,post,305698686327490,0.9,作为抵押品的加密货币在贷款期间被保管，无法进行交易。即使加密货币价格波动，只要借款人继续支付，贷款条款也保持不变。
305698686327490:c9,305698686327490:c9:r1:s5:bear,5,bear,risk_analysis_agent,3,reply,c4,0.8,利空
305698686327490:c9,305698686327490:c9:r1:s5:bear,5,bear,risk_analysis_agent,4,reply,c5,0.8,还是暴跌
305698686327490:c9,305698686327490:c9:r1:s5:bear,5,bear,risk_analysis_agent,5,reply,c6,0.7,利空？
305698686327490:c9,305698686327490:c9:r1:s5:bear,5,bear,risk_analysis_agent,6,reply,c7,0.7,然后还是跌
305698686327490:c9,305698686327490:c9:r1:s5:bear,5,bear,risk_analysis_agent,7,reply,c8,0.7,今天花式下跌
305698686327490:c9,305698686327490:c9:r1:s6:bear,6,bear,onchain_skeptic_agent,1,prior_argument,305698686327490:c9:r1:s2:bull,0.9,将直接创造新的买入需求并锁定流通量
305698686327490:c9,305698686327490:c9:r1:s6:bear,6,bear,onchain_skeptic_agent,2,prior_argument,305698686327490:c9:r1:s4:bull,0.8,存在“利好出尽”或宏观因素压制的风险
305698686327490:c9,305698686327490:c9:r1:s6:bear,6,bear,onchain_skeptic_agent,3,root_comment,c9,0.6,涨行不行
305698686327490:c9,305698686327490:c9:r1:s6:bear,6,bear,onchain_skeptic_agent,4,post,305698686327490,0.7,作为抵押品的加密货币在贷款期间被保管，无法进行交易。
305698686327490:c9,305698686327490:c9:r1:s7:bear,7,bear,sentiment_reversal_agent,1,root_comment,c9,0.9,涨行不行
305698686327490:c9,305698686327490:c9:r1:s7:bear,7,bear,sentiment_reversal_agent,2,reply,c1,0.85,肯定是利好啊，怎么理解的你们！允许加密货币做抵押，抵押换钱继续买币，市场资金增加，推动价格上涨，怎么学的高中经济的你们！
305698686327490:c9,305698686327490:c9:r1:s7:bear,7,bear,sentiment_reversal_agent,3,reply,c5,0.7,还是暴跌
305698686327490:c9,305698686327490:c9:r1:s7:bear,7,bear,sentiment_reversal_agent,4,reply,c8,0.65,今天花式下跌
305698686327490:c9,305698686327490:c9:r1:s7:bear,7,bear,sentiment_reversal_agent,5,prior_argument,305698686327490:c9:r1:s3:bull,0.8,这种试探性发言更可能演变为FOMO驱动的乐观模仿
305698686327490:c9,305698686327490:c9:r1:s8:bear,8,bear,reflection_agent,1,prior_argument,305698686327490:c9:r1:s5:bear,0.9,社区讨论中弥漫的“利空”、“暴跌”等负面情绪，以及产品本身存在的抵押品波动风险和复杂的双贷款结构，均指向市场对潜在风险的担忧远大于对利好的认可
305698686327490:c9,305698686327490:c9:r1:s8:bear,8,bear,reflection_agent,2,prior_argument,305698686327490:c9:r1:s6:bear,0.8,在缺乏链上数据佐证的情况下，现有文本无法排除这是“利好出尽”或机构借机派发的信号
305698686327490:c9,305698686327490:c9:r1:s8:bear,8,bear,reflection_agent,3,prior_argument,305698686327490:c9:r1:s7:bear,0.7,这种缺乏数据支撑的狂热共识往往是情绪见顶的逆向信号
305698686327490:c9,305698686327490:c9:r1:s8:bear,8,bear,reflection_agent,4,post,305698686327490,0.85,作为抵押品的加密货币在贷款期间被保管，无法进行交易。即使加密货币价格波动，只要借款人继续支付，贷款条款也保持不变。
305698686327490:c8,305698686327490:c8:r1:s1:bull,1,bull,technical_analysis_agent,1,root_comment,c8,0.9,今天花式下跌
305698686327490:c8,305698686327490:c8:r1:s1:bull,1,bull,technical_analysis_agent,2,post,c9,0.8,涨行不行
305698686327490:c8,305698686327490:c8:r1:s1:bull,1,bull,technical_analysis_agent,3,post,c1,0.7,肯定是利好啊...抵押换钱继续买币，市场资金增加，推动价格上涨
305698686327490:c8,305698686327490:c8:r1:s2:bull,2,bull,fundamental_analysis_agent,1,post,305698686327490,0.95,房利美(Fannie Mae)宣布将接受加密货币作为抵押贷款的担保品，此举标志着传统金融机构对加密货币的接受度提高。
305698686327490:c8,305698686327490:c8:r1:s2:bull,2,bull,fundamental_analysis_agent,2,post,305698686327490,0.9,该模型针对持有大量加密资产但不愿出售的投资者，使他们能够避免潜在的税务事件，同时保持对未来价格变动的曝光。
305698686327490:c8,305698686327490:c8:r1:s2:bull,2,bull,fundamental_analysis_agent,3,root_comment,c1,0.85,肯定是利好啊，怎么理解的你们！允许加密货币做抵押，抵押换钱继续买币，市场资金增加，推动价格上涨，怎么学的高中经济的你们！
305698686327490:c8,305698686327490:c8:r1:s3:bull,3,bull,sentiment_contagion_agent,1,root_comment,c8,0.9,今天花式下跌
305698686327490:c8,305698686327490:c8:r1:s3:bull,3,bull,sentiment_contagion_agent,2,reply,c1,0.95,肯定是利好啊，怎么理解的你们！允许加密货币做抵押，抵押换钱继续买币，市场资金增加，推动价格上涨，怎么学的高中经济的你们！
305698686327490:c8,305698686327490:c8:r1:s3:bull,3,bull,sentiment_contagion_agent,3,reply,c9,0.8,涨行不行
305698686327490:c8,305698686327490:c8:r1:s3:bull,3,bull,sentiment_contagion_agent,4,reply,c2,0.7,市场利好那就是南下
305698686327490:c8,305698686327490:c8:r1:s3:bull,3,bull,sentiment_contagion_agent,5,profile,你的坚持终将美好,0.6,"stance_bias: 0.0, history_count: 0 (冷启动用户，无历史看空惯性)"
305698686327490:c8,305698686327490:c8:r1:s4:bull,4,bull,reflection_agent,1,prior_argument,305698686327490:c8:r1:s2:bull,0.9,房利美接受加密货币作为抵押品是传统金融体系对数字资产的根本性认可，这一结构性利好将长期增加比特币的机构采用和市场需求。
305698686327490:c8,305698686327490:c8:r1:s4:bull,4,bull,reflection_agent,2,prior_argument,305698686327490:c8:r1:s1:bull,0.8,市场对利好消息的预期和部分交易员的看涨呼声，暗示价格可能已接近短期支撑位，存在技术性反弹需求。
305698686327490:c8,305698686327490:c8:r1:s4:bull,4,bull,reflection_agent,3,root_comment,c8,0.7,今天花式下跌
305698686327490:c8,305698686327490:c8:r1:s4:bull,4,bull,reflection_agent,4,post,c1,0.85,肯定是利好啊，怎么理解的你们！允许加密货币做抵押，抵押换钱继续买币，市场资金增加，推动价格上涨。
305698686327490:c8,305698686327490:c8:r1:s5:bear,5,bear,risk_analysis_agent,1,post,305698686327490,0.9,作为抵押品的加密货币在贷款期间被保管，无法进行交易。即使加密货币价格波动，只要借款人继续支付，贷款条款也保持不变。
305698686327490:c8,305698686327490:c8:r1:s5:bear,5,bear,risk_analysis_agent,2,root_comment,c8,0.8,今天花式下跌
305698686327490:c8,305698686327490:c8:r1:s5:bear,5,bear,risk_analysis_agent,3,post,c5,0.7,还是暴跌
305698686327490:c8,305698686327490:c8:r1:s5:bear,5,bear,risk_analysis_agent,4,post,c4,0.6,利空
305698686327490:c8,305698686327490:c8:r1:s6:bear,6,bear,onchain_skeptic_agent,1,root_comment,c8,0.9,今天花式下跌
305698686327490:c8,305698686327490:c8:r1:s6:bear,6,bear,onchain_skeptic_agent,2,prior_argument,305698686327490:c8:r1:s2:bull,0.8,房利美接受加密货币作为抵押品是传统金融体系对数字资产的根本性认可，这一结构性利好将长期增加比特币的机构采用和市场需求
305698686327490:c8,305698686327490:c8:r1:s6:bear,6,bear,onchain_skeptic_agent,3,prior_argument,305698686327490:c8:r1:s4:bull,0.7,市场正处于“长期利好与短期恐慌”的认知分歧期，这种分歧本身往往是筑底阶段的特征
305698686327490:c8,305698686327490:c8:r1:s6:bear,6,bear,onchain_skeptic_agent,4,post,c5,0.6,还是暴跌
305698686327490:c8,305698686327490:c8:r1:s7:bear,7,bear,sentiment_reversal_agent,1,root_comment,c8,0.9,今天花式下跌
305698686327490:c8,305698686327490:c8:r1:s7:bear,7,bear,sentiment_reversal_agent,2,post,c9,0.95,涨行不行
305698686327490:c8,305698686327490:c8:r1:s7:bear,7,bear,sentiment_reversal_agent,3,post,c1,0.8,肯定是利好啊，怎么理解的你们！允许加密货币做抵押，抵押换钱继续买币，市场资金增加，推动价格上涨，怎么学的高中经济的你们！
305698686327490:c8,305698686327490:c8:r1:s7:bear,7,bear,sentiment_reversal_agent,4,prior_argument,305698686327490:c8:r1:s3:bull,0.85,讨论区中已出现明确的看涨解读和模仿性乐观信号，这种情绪传染可能通过社交强化效应...酝酿看涨共识。
305698686327490:c8,305698686327490:c8:r1:s8:bear,8,bear,reflection_agent,1,root_comment,c8,0.9,今天花式下跌
305698686327490:c8,305698686327490:c8:r1:s8:bear,8,bear,reflection_agent,2,prior_argument,305698686327490:c8:r1:s5:bear,0.8,房利美接受加密货币作为抵押品，其双贷款结构在加密资产剧烈波动时可能引发抵押品清算风险，而当前讨论区压倒性的“下跌”、“利空”和“暴跌”情绪，正是市场对这种潜在风险链的提前定价。
305698686327490:c8,305698686327490:c8:r1:s8:bear,8,bear,reflection_agent,3,prior_argument,305698686327490:c8:r1:s4:bull,0.7,当前看涨论点一致聚焦于房利美政策的长期结构性利好，逻辑自洽，但共同弱点是缺乏对短期恐慌情绪的合理解释。
305698686327490:c7,305698686327490:c7:r1:s1:bull,1,bull,technical_analysis_agent,1,root_comment,c1,0.9,肯定是利好啊，怎么理解的你们！允许加密货币做抵押，抵押换钱继续买币，市场资金增加，推动价格上涨，怎么学的高中经济的你们！
305698686327490:c7,305698686327490:c7:r1:s1:bull,1,bull,technical_analysis_agent,2,root_comment,c9,0.6,涨行不行
305698686327490:c7,305698686327490:c7:r1:s2:bull,2,bull,fundamental_analysis_agent,1,post,305698686327490,0.95,房利美(Fannie Mae)宣布将接受加密货币作为抵押贷款的担保品，此举标志着传统金融机构对加密货币的接受度提高。
305698686327490:c7,305698686327490:c7:r1:s2:bull,2,bull,fundamental_analysis_agent,2,post,305698686327490,0.9,该模型针对持有大量加密资产但不愿出售的投资者，使他们能够避免潜在的税务事件，同时保持对未来价格变动的曝光。
305698686327490:c7,305698686327490:c7:r1:s2:bull,2,bull,fundamental_analysis_agent,3,root_comment,c1,0.85,肯定是利好啊，怎么理解的你们！允许加密货币做抵押，抵押换钱继续买币，市场资金增加，推动价格上涨，怎么学的高中经济的你们！
305698686327490:c7,305698686327490:c7:r1:s3:bull,3,bull,sentiment_contagion_agent,1,root_comment,c7,0.9,然后还是跌
305698686327490:c7,305698686327490:c7:r1:s3:bull,3,bull,sentiment_contagion_agent,2,reply,c1,0.95,肯定是利好啊，怎么理解的你们！允许加密货币做抵押，抵押换钱继续买币，市场资金增加，推动价格上涨，怎么学的高中经济的你们！
305698686327490:c7,305698686327490:c7:r1:s3:bull,3,bull,sentiment_contagion_agent,3,reply,c9,0.7,涨行不行
305698686327490:c7,305698686327490:c7:r1:s3:bull,3,bull,sentiment_contagion_agent,4,profile,Epifania Lagerman IwDt,0.6,"stance_bias: 0.0, history_count: 0, 冷启动用户，无历史看跌倾向，其悲观评论缺乏持续性影响力。"
305698686327490:c7,305698686327490:c7:r1:s4:bull,4,bull,reflection_agent,1,prior_argument,305698686327490:c7:r1:s1:bull,0.7,尽管当前评论情绪偏空，但市场讨论中已出现对利好消息的强烈看涨预期，暗示价格可能已接近支撑位并酝酿反弹。
305698686327490:c7,305698686327490:c7:r1:s4:bull,4,bull,reflection_agent,2,prior_argument,305698686327490:c7:r1:s2:bull,0.8,房利美接受加密货币作为抵押品是传统金融体系对数字资产的重大认可，这一结构性利好将从根本上扩大加密资产的需求基础。
305698686327490:c7,305698686327490:c7:r1:s4:bull,4,bull,reflection_agent,3,prior_argument,305698686327490:c7:r1:s3:bull,0.6,讨论区内已出现明确的看涨解读和模仿性乐观信号，这种情绪传染可能通过社交强化扭转当前的空头氛围。
305698686327490:c7,305698686327490:c7:r1:s4:bull,4,bull,reflection_agent,4,root_comment,c7,0.9,然后还是跌
305698686327490:c7,305698686327490:c7:r1:s4:bull,4,bull,reflection_agent,5,reply,c1,0.85,肯定是利好啊，怎么理解的你们！允许加密货币做抵押，抵押换钱继续买币，市场资金增加，推动价格上涨。
305698686327490:c7,305698686327490:c7:r1:s5:bear,5,bear,risk_analysis_agent,1,post,305698686327490,0.9,作为抵押品的加密货币在贷款期间被保管，无法进行交易。即使加密货币价格波动，只要借款人继续支付，贷款条款也保持不变。
305698686327490:c7,305698686327490:c7:r1:s5:bear,5,bear,risk_analysis_agent,2,root_comment,c7,0.8,然后还是跌
305698686327490:c7,305698686327490:c7:r1:s5:bear,5,bear,risk_analysis_agent,3,post,c4,0.7,利空
305698686327490:c7,305698686327490:c7:r1:s5:bear,5,bear,risk_analysis_agent,4,post,c5,0.7,还是暴跌
305698686327490:c7,305698686327490:c7:r1:s5:bear,5,bear,risk_analysis_agent,5,prior_argument,305698686327490:c7:r1:s4:bull,0.85,当前看涨论点一致聚焦于房利美政策的长期结构性利好，但均未有效回应“利好落地即下跌”的即时市场反应，这构成了看涨逻辑的主要脆弱点。
305698686327490:c7,305698686327490:c7:r1:s6:bear,6,bear,onchain_skeptic_agent,1,root_comment,c7,0.9,然后还是跌
305698686327490:c7,305698686327490:c7:r1:s6:bear,6,bear,onchain_skeptic_agent,2,prior_argument,305698686327490:c7:r1:s2:bull,0.8,房利美接受加密货币作为抵押品是传统金融体系对数字资产的重大认可，这一结构性利好将从根本上扩大加密资产的需求基础
305698686327490:c7,305698686327490:c7:r1:s6:bear,6,bear,onchain_skeptic_agent,3,prior_argument,305698686327490:c7:r1:s1:bull,0.7,市场讨论中已出现对利好消息的强烈看涨预期，暗示价格可能已接近支撑位并酝酿反弹
305698686327490:c7,305698686327490:c7:r1:s7:bear,7,bear,sentiment_reversal_agent,1,root_comment,c1,0.9,肯定是利好啊，怎么理解的你们！允许加密货币做抵押，抵押换钱继续买币，市场资金增加，推动价格上涨，怎么学的高中经济的你们！
305698686327490:c7,305698686327490:c7:r1:s7:bear,7,bear,sentiment_reversal_agent,2,root_comment,c7,0.8,然后还是跌
305698686327490:c7,305698686327490:c7:r1:s7:bear,7,bear,sentiment_reversal_agent,3,root_comment,c5,0.7,还是暴跌
305698686327490:c7,305698686327490:c7:r1:s7:bear,7,bear,sentiment_reversal_agent,4,prior_argument,305698686327490:c7:r1:s3:bull,0.85,讨论区内已出现明确的看涨解读和模仿性乐观信号，这种情绪传染可能通过社交强化扭转当前的空头氛围
305698686327490:c7,305698686327490:c7:r1:s8:bear,8,bear,reflection_agent,1,root_comment,c7,0.9,然后还是跌
305698686327490:c7,305698686327490:c7:r1:s8:bear,8,bear,reflection_agent,2,prior_argument,305698686327490:c7:r1:s5:bear,0.8,加密资产的高波动性作为抵押品，可能在市场下行时触发螺旋式清算，加剧价格下跌
305698686327490:c7,305698686327490:c7:r1:s8:bear,8,bear,reflection_agent,3,prior_argument,305698686327490:c7:r1:s7:bear,0.85,高度一致且带有攻击性（“怎么学的”）的乐观解读，恰恰是情绪过度亢奋、可能已接近短期反转点的信号
305698686327490:c7,305698686327490:c7:r1:s8:bear,8,bear,reflection_agent,4,prior_argument,305698686327490:c7:r1:s4:bull,0.7,当前看涨论点一致聚焦于房利美政策的长期结构性利好，但均未有效回应“利好落地即下跌”的即时市场反应
305698686327490:c6,305698686327490:c6:r1:s1:bull,1,bull,technical_analysis_agent,1,root_comment,c1,0.9,肯定是利好啊，怎么理解的你们！允许加密货币做抵押，抵押换钱继续买币，市场资金增加，推动价格上涨
305698686327490:c6,305698686327490:c6:r1:s1:bull,1,bull,technical_analysis_agent,2,root_comment,c2,0.7,市场利好那就是南下
305698686327490:c6,305698686327490:c6:r1:s1:bull,1,bull,technical_analysis_agent,3,root_comment,c9,0.6,涨行不行
305698686327490:c6,305698686327490:c6:r1:s2:bull,2,bull,fundamental_analysis_agent,1,post,305698686327490,0.95,房利美(Fannie Mae)宣布将接受加密货币作为抵押贷款的担保品...借款人可以在不出售加密货币持有的情况下资助首付款...作为抵押品的加密货币在贷款期间被保管，无法进行交易。
305698686327490:c6,305698686327490:c6:r1:s2:bull,2,bull,fundamental_analysis_agent,2,root_comment,c1,0.9,肯定是利好啊...允许加密货币做抵押，抵押换钱继续买币，市场资金增加，推动价格上涨
305698686327490:c6,305698686327490:c6:r1:s3:bull,3,bull,sentiment_contagion_agent,1,root_comment,c6,0.8,利空？
305698686327490:c6,305698686327490:c6:r1:s3:bull,3,bull,sentiment_contagion_agent,2,reply,c1,0.95,肯定是利好啊，怎么理解的你们！允许加密货币做抵押，抵押换钱继续买币，市场资金增加，推动价格上涨，怎么学的高中经济的你们！
305698686327490:c6,305698686327490:c6:r1:s3:bull,3,bull,sentiment_contagion_agent,3,reply,c2,0.7,市场利好那就是南下
305698686327490:c6,305698686327490:c6:r1:s3:bull,3,bull,sentiment_contagion_agent,4,profile,悦哥哥,0.6,"stance_bias: 0.0, history_count: 0"
305698686327490:c6,305698686327490:c6:r1:s4:bull,4,bull,reflection_agent,1,prior_argument,305698686327490:c6:r1:s1:bull,0.6,从讨论情绪和预期语言来看，市场对利好消息存在强烈的看涨解读倾向，这通常预示着潜在的买盘动能。
305698686327490:c6,305698686327490:c6:r1:s4:bull,4,bull,reflection_agent,2,prior_argument,305698686327490:c6:r1:s2:bull,0.7,房利美接受加密货币作为抵押品，标志着传统金融体系对数字资产的实质性整合，这将从供需两端改善市场基本面
305698686327490:c6,305698686327490:c6:r1:s4:bull,4,bull,reflection_agent,3,prior_argument,305698686327490:c6:r1:s3:bull,0.5,讨论区中明确看涨的评论（如c1）获得了更高的认知权威和逻辑支撑，这种积极的情绪传染可能通过社会认同效应，将原本中立的围观者转化为乐观预期
305698686327490:c6,305698686327490:c6:r1:s4:bull,4,bull,reflection_agent,4,root_comment,c6,0.8,利空？
305698686327490:c6,305698686327490:c6:r1:s4:bull,4,bull,reflection_agent,5,reply,c5,0.9,还是暴跌
305698686327490:c6,305698686327490:c6:r1:s4:bull,4,bull,reflection_agent,6,reply,c7,0.9,然后还是跌
305698686327490:c6,305698686327490:c6:r1:s5:bear,5,bear,risk_analysis_agent,1,root_comment,c6,0.9,利空？
305698686327490:c6,305698686327490:c6:r1:s5:bear,5,bear,risk_analysis_agent,2,reply,c4,0.8,利空
305698686327490:c6,305698686327490:c6:r1:s5:bear,5,bear,risk_analysis_agent,3,reply,c5,0.7,还是暴跌
305698686327490:c6,305698686327490:c6:r1:s5:bear,5,bear,risk_analysis_agent,4,reply,c7,0.7,然后还是跌
305698686327490:c6,305698686327490:c6:r1:s5:bear,5,bear,risk_analysis_agent,5,reply,c8,0.6,今天花式下跌
305698686327490:c6,305698686327490:c6:r1:s5:bear,5,bear,risk_analysis_agent,6,prior_argument,305698686327490:c6:r1:s4:bull,0.85,当前看涨论点在逻辑上成立，但过度依赖单一评论（c1）的权威性，且忽视了讨论区中普遍存在的“利好不涨”的悲观情绪，这构成了看涨共识的主要不确定性。
305698686327490:c6,305698686327490:c6:r1:s6:bear,6,bear,onchain_skeptic_agent,1,prior_argument,305698686327490:c6:r1:s2:bull,0.9,房利美接受加密货币作为抵押品...为加密持有者创造新的购买力，同时减少市场抛压。
305698686327490:c6,305698686327490:c6:r1:s6:bear,6,bear,onchain_skeptic_agent,2,root_comment,c6,0.7,利空？
305698686327490:c6,305698686327490:c6:r1:s6:bear,6,bear,onchain_skeptic_agent,3,post,305698686327490,0.8,作为抵押品的加密货币在贷款期间被保管，无法进行交易。
305698686327490:c6,305698686327490:c6:r1:s7:bear,7,bear,sentiment_reversal_agent,1,root_comment,c6,0.9,利空？
305698686327490:c6,305698686327490:c6:r1:s7:bear,7,bear,sentiment_reversal_agent,2,reply,c1,0.8,肯定是利好啊，怎么理解的你们！允许加密货币做抵押，抵押换钱继续买币，市场资金增加，推动价格上涨，怎么学的高中经济的你们！
305698686327490:c6,305698686327490:c6:r1:s7:bear,7,bear,sentiment_reversal_agent,3,reply,c5,0.9,还是暴跌
305698686327490:c6,305698686327490:c6:r1:s7:bear,7,bear,sentiment_reversal_agent,4,reply,c7,0.9,然后还是跌
305698686327490:c6,305698686327490:c6:r1:s7:bear,7,bear,sentiment_reversal_agent,5,reply,c8,0.7,今天花式下跌
305698686327490:c6,305698686327490:c6:r1:s7:bear,7,bear,sentiment_reversal_agent,6,prior_argument,305698686327490:c6:r1:s3:bull,0.85,明确看涨的评论（如c1）获得了更高的认知权威和逻辑支撑，这种积极的情绪传染可能通过社会认同效应...放大市场的看涨共识。
305698686327490:c6,305698686327490:c6:r1:s8:bear,8,bear,reflection_agent,1,prior_argument,305698686327490:c6:r1:s7:bear,0.9,讨论区中“利好”解读（c1）的强烈自信与“还是暴跌”（c5）、“然后还是跌”（c7）等普遍悲观现实描述并存，这种情绪分裂恰恰是典型的“利好麻木”信号
305698686327490:c6,305698686327490:c6:r1:s8:bear,8,bear,reflection_agent,2,prior_argument,305698686327490:c6:r1:s6:bear,0.8,现有讨论和文本中完全缺乏链上数据支持，无法排除这是机构或大户借利好进行派发的信号
305698686327490:c6,305698686327490:c6:r1:s8:bear,8,bear,reflection_agent,3,root_comment,c6,0.7,利空？
305698686327490:c2,305698686327490:c2:r1:s1:bull,1,bull,technical_analysis_agent,1,root_comment,c2,0.8,市场利好那就是南下
305698686327490:c2,305698686327490:c2:r1:s1:bull,1,bull,technical_analysis_agent,2,post,305698686327490,0.9,允许加密货币做抵押，抵押换钱继续买币，市场资金增加，推动价格上涨
305698686327490:c2,305698686327490:c2:r1:s1:bull,1,bull,technical_analysis_agent,3,reply,c9,0.7,涨行不行
305698686327490:c2,305698686327490:c2:r1:s2:bull,2,bull,fundamental_analysis_agent,1,post,305698686327490,0.95,房利美(Fannie Mae)宣布将接受加密货币作为抵押贷款的担保品...借款人可以在不出售加密货币持有的情况下资助首付款...该模型针对持有大量加密资产但不愿出售的投资者，使他们能够避免潜在的税务事件，同时保持对未来价格变动的曝光。
305698686327490:c2,305698686327490:c2:r1:s2:bull,2,bull,fundamental_analysis_agent,2,root_comment,c1,0.9,肯定是利好啊，怎么理解的你们！允许加密货币做抵押，抵押换钱继续买币，市场资金增加，推动价格上涨，怎么学的高中经济的你们！
305698686327490:c2,305698686327490:c2:r1:s2:bull,2,bull,fundamental_analysis_agent,3,root_comment,c3,0.7,这不是26号的事吗，为了避嫌，连coinbase都不打上去了，这是房地美和coinbase的合作
305698686327490:c2,305698686327490:c2:r1:s3:bull,3,bull,sentiment_contagion_agent,1,root_comment,c2,0.8,市场利好那就是南下
305698686327490:c2,305698686327490:c2:r1:s3:bull,3,bull,sentiment_contagion_agent,2,reply,c1,0.95,肯定是利好啊，怎么理解的你们！允许加密货币做抵押，抵押换钱继续买币，市场资金增加，推动价格上涨，怎么学的高中经济的你们！
305698686327490:c2,305698686327490:c2:r1:s3:bull,3,bull,sentiment_contagion_agent,3,profile,买多做空,0.4,用户“买多做空”为冷启动账户，无历史数据，但其用户名本身带有双向交易暗示，当前选择看多方向，可能代表一种投机性看涨倾向。
305698686327490:c2,305698686327490:c2:r1:s4:bull,4,bull,reflection_agent,1,root_comment,c1,0.9,肯定是利好啊，怎么理解的你们！允许加密货币做抵押，抵押换钱继续买币，市场资金增加，推动价格上涨
305698686327490:c2,305698686327490:c2:r1:s4:bull,4,bull,reflection_agent,2,post,305698686327490,0.8,该模型针对持有大量加密资产但不愿出售的投资者，使他们能够避免潜在的税务事件，同时保持对未来价格变动的曝光。
305698686327490:c2,305698686327490:c2:r1:s4:bull,4,bull,reflection_agent,3,root_comment,c8,0.7,今天花式下跌
305698686327490:c2,305698686327490:c2:r1:s4:bull,4,bull,reflection_agent,4,prior_argument,305698686327490:c2:r1:s2:bull,0.85,将从基本面改变BTC的供需结构，减少抛压并引入增量资金，构成长期利好。
305698686327490:c2,305698686327490:c2:r1:s5:bear,5,bear,risk_analysis_agent,1,root_comment,c4,0.9,利空
305698686327490:c2,305698686327490:c2:r1:s5:bear,5,bear,risk_analysis_agent,2,root_comment,c5,0.9,还是暴跌
305698686327490:c2,305698686327490:c2:r1:s5:bear,5,bear,risk_analysis_agent,3,root_comment,c6,0.7,利空？
305698686327490:c2,305698686327490:c2:r1:s5:bear,5,bear,risk_analysis_agent,4,root_comment,c7,0.8,然后还是跌
305698686327490:c2,305698686327490:c2:r1:s5:bear,5,bear,risk_analysis_agent,5,root_comment,c8,0.8,今天花式下跌
305698686327490:c2,305698686327490:c2:r1:s5:bear,5,bear,risk_analysis_agent,6,root_comment,c3,0.6,这不是26号的事吗，为了避嫌，连coinbase都不打上去了，这是房地美和coinbase的合作
305698686327490:c2,305698686327490:c2:r1:s6:bear,6,bear,onchain_skeptic_agent,1,prior_argument,305698686327490:c2:r1:s2:bull,0.9,允许持有者在不触发应税事件的情况下抵押加密资产换取流动性并继续持有——将从基本面改变BTC的供需结构，减少抛压并引入增量资金
305698686327490:c2,305698686327490:c2:r1:s6:bear,6,bear,onchain_skeptic_agent,2,prior_argument,305698686327490:c2:r1:s3:bull,0.8,用户“买多做空”的简短结论“市场利好那就是南下”则暗示了资金流向的积极预期
305698686327490:c2,305698686327490:c2:r1:s6:bear,6,bear,onchain_skeptic_agent,3,root_comment,c2,0.7,市场利好那就是南下
305698686327490:c2,305698686327490:c2:r1:s6:bear,6,bear,onchain_skeptic_agent,4,post,c5,0.6,还是暴跌
305698686327490:c2,305698686327490:c2:r1:s7:bear,7,bear,sentiment_reversal_agent,1,root_comment,c1,0.9,肯定是利好啊，怎么理解的你们！允许加密货币做抵押，抵押换钱继续买币，市场资金增加，推动价格上涨，怎么学的高中经济的你们！
305698686327490:c2,305698686327490:c2:r1:s7:bear,7,bear,sentiment_reversal_agent,2,root_comment,c5,0.8,还是暴跌
305698686327490:c2,305698686327490:c2:r1:s7:bear,7,bear,sentiment_reversal_agent,3,root_comment,c8,0.7,今天花式下跌
305698686327490:c2,305698686327490:c2:r1:s7:bear,7,bear,sentiment_reversal_agent,4,prior_argument,305698686327490:c2:r1:s3:bull,0.85,其乐观且带有说服性的语气可能引发FOMO情绪传染
305698686327490:c2,305698686327490:c2:r1:s8:bear,8,bear,reflection_agent,1,prior_argument,305698686327490:c2:r1:s5:bear,0.9,多个用户直接表达“利空”、“暴跌”或质疑，这与看涨论点所依赖的单一叙事形成强烈反差。
305698686327490:c2,305698686327490:c2:r1:s8:bear,8,bear,reflection_agent,2,prior_argument,305698686327490:c2:r1:s7:bear,0.85,讨论区大量“还是暴跌”、“花式下跌”等简短看跌评论与看涨叙事并存，表明市场共识远未形成。
305698686327490:c2,305698686327490:c2:r1:s8:bear,8,bear,reflection_agent,3,root_comment,c4,0.6,利空
305698686327490:c2,305698686327490:c2:r1:s8:bear,8,bear,reflection_agent,4,root_comment,c5,0.6,还是暴跌
305698686327490:c5,305698686327490:c5:r1:s1:bull,1,bull,technical_analysis_agent,1,root_comment,c5,0.9,还是暴跌
305698686327490:c5,305698686327490:c5:r1:s1:bull,1,bull,technical_analysis_agent,2,post,c1,0.8,肯定是利好啊，怎么理解的你们！允许加密货币做抵押，抵押换钱继续买币，市场资金增加，推动价格上涨
305698686327490:c5,305698686327490:c5:r1:s1:bull,1,bull,technical_analysis_agent,3,post,c9,0.7,涨行不行
305698686327490:c5,305698686327490:c5:r1:s2:bull,2,bull,fundamental_analysis_agent,1,post,305698686327490,0.95,房利美(Fannie Mae)宣布将接受加密货币作为抵押贷款的担保品...允许使用比特币和USDC作为抵押品...借款人可以在不出售加密货币持有的情况下资助首付款。
305698686327490:c5,305698686327490:c5:r1:s2:bull,2,bull,fundamental_analysis_agent,2,root_comment,c1,0.85,肯定是利好啊，怎么理解的你们！允许加密货币做抵押，抵押换钱继续买币，市场资金增加，推动价格上涨。
305698686327490:c5,305698686327490:c5:r1:s2:bull,2,bull,fundamental_analysis_agent,3,post,305698686327490,0.9,该模型针对持有大量加密资产但不愿出售的投资者，使他们能够避免潜在的税务事件，同时保持对未来价格变动的曝光。
305698686327490:c5,305698686327490:c5:r1:s3:bull,3,bull,sentiment_contagion_agent,1,root_comment,c5,0.9,还是暴跌
305698686327490:c5,305698686327490:c5:r1:s3:bull,3,bull,sentiment_contagion_agent,2,post,305698686327490,0.8,房利美(Fannie Mae)宣布将接受加密货币作为抵押贷款的担保品...允许使用比特币和USDC作为抵押品...
305698686327490:c5,305698686327490:c5:r1:s3:bull,3,bull,sentiment_contagion_agent,3,reply,c1,0.95,肯定是利好啊，怎么理解的你们！允许加密货币做抵押，抵押换钱继续买币，市场资金增加，推动价格上涨...
305698686327490:c5,305698686327490:c5:r1:s3:bull,3,bull,sentiment_contagion_agent,4,reply,c9,0.7,涨行不行
305698686327490:c5,305698686327490:c5:r1:s3:bull,3,bull,sentiment_contagion_agent,5,profile,钱sir,0.5,"stance_bias: 0.0, history_count: 0"
305698686327490:c5,305698686327490:c5:r1:s4:bull,4,bull,reflection_agent,1,prior_argument,305698686327490:c5:r1:s2:bull,0.9,房利美接受加密货币作为抵押品是传统金融体系对数字资产的根本性接纳，这一基本面进展将长期增加比特币的机构化持有需求和抵押品效用。
305698686327490:c5,305698686327490:c5:r1:s4:bull,4,bull,reflection_agent,2,prior_argument,305698686327490:c5:r1:s1:bull,0.7,市场讨论中已出现对“利好”的强烈预期和“涨行不行”的底部反转渴望，这从技术面情绪指标来看，往往是超卖后潜在反弹的前兆。
305698686327490:c5,305698686327490:c5:r1:s4:bull,4,bull,reflection_agent,3,root_comment,c5,0.8,还是暴跌
305698686327490:c5,305698686327490:c5:r1:s4:bull,4,bull,reflection_agent,4,reply,c7,0.6,然后还是跌
305698686327490:c5,305698686327490:c5:r1:s5:bear,5,bear,risk_analysis_agent,1,root_comment,c5,0.9,还是暴跌
305698686327490:c5,305698686327490:c5:r1:s5:bear,5,bear,risk_analysis_agent,2,post,305698686327490,0.8,作为抵押品的加密货币在贷款期间被保管，无法进行交易。即使加密货币价格波动，只要借款人继续支付，贷款条款也保持不变。
305698686327490:c5,305698686327490:c5:r1:s5:bear,5,bear,risk_analysis_agent,3,reply,c4,0.7,利空
305698686327490:c5,305698686327490:c5:r1:s5:bear,5,bear,risk_analysis_agent,4,reply,c7,0.7,然后还是跌
305698686327490:c5,305698686327490:c5:r1:s5:bear,5,bear,risk_analysis_agent,5,prior_argument,305698686327490:c5:r1:s2:bull,0.85,房利美接受加密货币作为抵押品是传统金融体系对数字资产的根本性接纳，这一基本面进展将长期增加比特币的机构化持有需求和抵押品效用
305698686327490:c5,305698686327490:c5:r1:s6:bear,6,bear,onchain_skeptic_agent,1,prior_argument,305698686327490:c5:r1:s2:bull,0.9,房利美接受加密货币作为抵押品是传统金融体系对数字资产的根本性接纳，这一基本面进展将长期增加比特币的机构化持有需求和抵押品效用。
305698686327490:c5,305698686327490:c5:r1:s6:bear,6,bear,onchain_skeptic_agent,2,root_comment,c5,0.8,还是暴跌
305698686327490:c5,305698686327490:c5:r1:s6:bear,6,bear,onchain_skeptic_agent,3,reply,c7,0.7,然后还是跌
305698686327490:c5,305698686327490:c5:r1:s7:bear,7,bear,sentiment_reversal_agent,1,root_comment,c5,0.9,还是暴跌
305698686327490:c5,305698686327490:c5:r1:s7:bear,7,bear,sentiment_reversal_agent,2,post,c1,0.85,肯定是利好啊，怎么理解的你们！允许加密货币做抵押，抵押换钱继续买币，市场资金增加，推动价格上涨，怎么学的高中经济的你们！
305698686327490:c5,305698686327490:c5:r1:s7:bear,7,bear,sentiment_reversal_agent,3,post,c8,0.8,今天花式下跌
305698686327490:c5,305698686327490:c5:r1:s7:bear,7,bear,sentiment_reversal_agent,4,post,c7,0.75,然后还是跌
305698686327490:c5,305698686327490:c5:r1:s8:bear,8,bear,reflection_agent,1,prior_argument,305698686327490:c5:r1:s5:bear,0.9,房利美接受加密货币作为抵押品...引入了新的系统性风险...当前讨论区中“还是暴跌”、“利空”等压倒性的负面情绪，正是市场对这一潜在风险的提前定价。
305698686327490:c5,305698686327490:c5:r1:s8:bear,8,bear,reflection_agent,2,prior_argument,305698686327490:c5:r1:s7:bear,0.85,讨论区中“肯定是利好啊”等高度自信的看涨解读，与“还是暴跌”、“花式下跌”等压倒性的悲观现实描述形成尖锐对立...往往是散户FOMO接盘而非趋势反转的信号。
305698686327490:c5,305698686327490:c5:r1:s8:bear,8,bear,reflection_agent,3,root_comment,c5,0.7,还是暴跌
305698686327490:c5,305698686327490:c5:r1:s8:bear,8,bear,reflection_agent,4,reply,c8,0.6,今天花式下跌
305698686327490:c1,305698686327490:c1:r1:s1:bull,1,bull,technical_analysis_agent,1,root_comment,c1,0.9,肯定是利好啊，怎么理解的你们！允许加密货币做抵押，抵押换钱继续买币，市场资金增加，推动价格上涨
305698686327490:c1,305698686327490:c1:r1:s1:bull,1,bull,technical_analysis_agent,2,reply,c5,0.6,还是暴跌
305698686327490:c1,305698686327490:c1:r1:s1:bull,1,bull,technical_analysis_agent,3,reply,c8,0.6,今天花式下跌
305698686327490:c1,305698686327490:c1:r1:s1:bull,1,bull,technical_analysis_agent,4,reply,c9,0.7,涨行不行
305698686327490:c1,305698686327490:c1:r1:s2:bull,2,bull,fundamental_analysis_agent,1,post,305698686327490,0.95,房利美(Fannie Mae)宣布将接受加密货币作为抵押贷款的担保品...允许使用比特币和USDC作为抵押品...使借款人在购买房屋时能够将比特币和USDC等加密货币持有作为抵押品。
305698686327490:c1,305698686327490:c1:r1:s2:bull,2,bull,fundamental_analysis_agent,2,post,305698686327490,0.9,该模型针对持有大量加密资产但不愿出售的投资者，使他们能够避免潜在的税务事件，同时保持对未来价格变动的曝光。
305698686327490:c1,305698686327490:c1:r1:s2:bull,2,bull,fundamental_analysis_agent,3,root_comment,c1,0.85,允许加密货币做抵押，抵押换钱继续买币，市场资金增加，推动价格上涨
305698686327490:c1,305698686327490:c1:r1:s3:bull,3,bull,sentiment_contagion_agent,1,root_comment,c1,0.95,肯定是利好啊，怎么理解的你们！允许加密货币做抵押，抵押换钱继续买币，市场资金增加，推动价格上涨，怎么学的高中经济的你们！
305698686327490:c1,305698686327490:c1:r1:s3:bull,3,bull,sentiment_contagion_agent,2,profile,只爱摩羯的狮子,0.7,"stance_bias: 0.0, history_count: 0 (冷启动用户，无历史偏见，其当前看涨观点未受过往立场影响，显得更为纯粹和直接)"
305698686327490:c1,305698686327490:c1:r1:s3:bull,3,bull,sentiment_contagion_agent,3,reply,c9,0.6,涨行不行
305698686327490:c1,305698686327490:c1:r1:s4:bull,4,bull,reflection_agent,1,root_comment,c1,0.9,肯定是利好啊，怎么理解的你们！允许加密货币做抵押，抵押换钱继续买币，市场资金增加，推动价格上涨
305698686327490:c1,305698686327490:c1:r1:s4:bull,4,bull,reflection_agent,2,post,305698686327490,0.85,房利美将首次接受以加密货币为担保的抵押贷款...该模型针对持有大量加密资产但不愿出售的投资者，使他们能够避免潜在的税务事件，同时保持对未来价格变动的曝光。
305698686327490:c1,305698686327490:c1:r1:s4:bull,4,bull,reflection_agent,3,prior_argument,305698686327490:c1:r1:s2:bull,0.8,房利美接受加密货币作为抵押品，是传统金融机构对数字资产底层价值认可的重大突破，将从根本上拓宽比特币的应用场景和长期需求，构成实质性基本面利好。
305698686327490:c1,305698686327490:c1:r1:s4:bull,4,bull,reflection_agent,4,reply,c5,0.6,还是暴跌
305698686327490:c1,305698686327490:c1:r1:s5:bear,5,bear,risk_analysis_agent,1,root_comment,c1,0.9,肯定是利好啊，怎么理解的你们！允许加密货币做抵押，抵押换钱继续买币，市场资金增加，推动价格上涨，怎么学的高中经济的你们！
305698686327490:c1,305698686327490:c1:r1:s5:bear,5,bear,risk_analysis_agent,2,post,c5,0.8,还是暴跌
305698686327490:c1,305698686327490:c1:r1:s5:bear,5,bear,risk_analysis_agent,3,post,c4,0.7,利空
305698686327490:c1,305698686327490:c1:r1:s5:bear,5,bear,risk_analysis_agent,4,post,c7,0.8,然后还是跌
305698686327490:c1,305698686327490:c1:r1:s5:bear,5,bear,risk_analysis_agent,5,post,c8,0.7,今天花式下跌
305698686327490:c1,305698686327490:c1:r1:s5:bear,5,bear,risk_analysis_agent,6,post,c3,0.6,这不是26号的事吗，为了避嫌，连coinbase都不打上去了，这是房地美和coinbase的合作
305698686327490:c1,305698686327490:c1:r1:s6:bear,6,bear,onchain_skeptic_agent,1,root_comment,c1,0.9,允许加密货币做抵押，抵押换钱继续买币，市场资金增加，推动价格上涨
305698686327490:c1,305698686327490:c1:r1:s6:bear,6,bear,onchain_skeptic_agent,2,prior_argument,305698686327490:c1:r1:s2:bull,0.8,房利美接受加密货币作为抵押品...将从根本上拓宽比特币的应用场景和长期需求
305698686327490:c1,305698686327490:c1:r1:s6:bear,6,bear,onchain_skeptic_agent,3,post,c5,0.7,还是暴跌
305698686327490:c1,305698686327490:c1:r1:s6:bear,6,bear,onchain_skeptic_agent,4,post,c7,0.7,然后还是跌
305698686327490:c1,305698686327490:c1:r1:s7:bear,7,bear,sentiment_reversal_agent,1,root_comment,c1,0.9,肯定是利好啊，怎么理解的你们！...怎么学的高中经济的你们！
305698686327490:c1,305698686327490:c1:r1:s7:bear,7,bear,sentiment_reversal_agent,2,profile,只爱摩羯的狮子,0.7,该用户历史数据为空，其极端自信的言论缺乏过往判断准确性的支撑，可信度存疑。
305698686327490:c1,305698686327490:c1:r1:s7:bear,7,bear,sentiment_reversal_agent,3,reply,c5,0.8,还是暴跌
305698686327490:c1,305698686327490:c1:r1:s7:bear,7,bear,sentiment_reversal_agent,4,reply,c8,0.8,今天花式下跌
305698686327490:c1,305698686327490:c1:r1:s8:bear,8,bear,reflection_agent,1,prior_argument,305698686327490:c1:r1:s5:bear,0.8,社区中大量‘还是暴跌’、‘利空’等负面言论反映出市场对政策落地风险、抵押品波动性及宏观不确定性的深层担忧
305698686327490:c1,305698686327490:c1:r1:s8:bear,8,bear,reflection_agent,2,prior_argument,305698686327490:c1:r1:s6:bear,0.7,当前讨论中没有任何链上数据或资金流向证据能证明市场存在真实的增量买入
305698686327490:c1,305698686327490:c1:r1:s8:bear,8,bear,reflection_agent,3,prior_argument,305698686327490:c1:r1:s2:bull,0.9,房利美接受加密货币作为抵押品，是传统金融机构对数字资产底层价值认可的重大突破，将从根本上拓宽比特币的应用场景和长期需求
305698686327490:c1,305698686327490:c1:r1:s8:bear,8,bear,reflection_agent,4,root_comment,c1,0.6,允许加密货币做抵押，抵押换钱继续买币，市场资金增加，推动价格上涨
305698686327490:c4,305698686327490:c4:r1:s1:bull,1,bull,technical_analysis_agent,1,root_comment,c1,0.9,肯定是利好啊，怎么理解的你们！允许加密货币做抵押，抵押换钱继续买币，市场资金增加，推动价格上涨
305698686327490:c4,305698686327490:c4:r1:s1:bull,1,bull,technical_analysis_agent,2,reply,c9,0.7,涨行不行
305698686327490:c4,305698686327490:c4:r1:s1:bull,1,bull,technical_analysis_agent,3,post,305698686327490,0.8,房利美(Fannie Mae)宣布将接受加密货币作为抵押贷款的担保品...允许使用比特币和USDC作为抵押品...借款人可以在不出售加密货币持有的情况下资助首付款
305698686327490:c4,305698686327490:c4:r1:s2:bull,2,bull,fundamental_analysis_agent,1,post,305698686327490,0.95,房利美(Fannie Mae)宣布将接受加密货币作为抵押贷款的担保品...允许使用比特币和USDC作为抵押品...借款人可以在不出售加密货币持有的情况下资助首付款...该模型针对持有大量加密资产但不愿出售的投资者，使他们能够避免潜在的税务事件，同时保持对未来价格变动的曝光。
305698686327490:c4,305698686327490:c4:r1:s2:bull,2,bull,fundamental_analysis_agent,2,root_comment,c1,0.9,肯定是利好啊，怎么理解的你们！允许加密货币做抵押，抵押换钱继续买币，市场资金增加，推动价格上涨，怎么学的高中经济的你们！
305698686327490:c4,305698686327490:c4:r1:s2:bull,2,bull,fundamental_analysis_agent,3,root_comment,c3,0.7,这是房地美和coinbase的合作
305698686327490:c4,305698686327490:c4:r1:s3:bull,3,bull,sentiment_contagion_agent,1,root_comment,c4,0.3,利空
305698686327490:c4,305698686327490:c4:r1:s3:bull,3,bull,sentiment_contagion_agent,2,post,c1,0.9,肯定是利好啊，怎么理解的你们！允许加密货币做抵押，抵押换钱继续买币，市场资金增加，推动价格上涨，怎么学的高中经济的你们！
305698686327490:c4,305698686327490:c4:r1:s3:bull,3,bull,sentiment_contagion_agent,3,post,c9,0.7,涨行不行
305698686327490:c4,305698686327490:c4:r1:s3:bull,3,bull,sentiment_contagion_agent,4,profile,Feed-Creator-a5de28725,0.5,历史发言数为0，立场偏差为0，属于冷启动账户，其‘利空’观点缺乏历史一致性支撑，影响力极低。
305698686327490:c4,305698686327490:c4:r1:s4:bull,4,bull,reflection_agent,1,prior_argument,305698686327490:c4:r1:s2:bull,0.9,房利美接受加密货币作为抵押品是传统金融体系对数字资产的根本性接纳...将直接扩大比特币的实际应用场景和长期持有需求。
305698686327490:c4,305698686327490:c4:r1:s4:bull,4,bull,reflection_agent,2,root_comment,c4,0.7,利空
305698686327490:c4,305698686327490:c4:r1:s4:bull,4,bull,reflection_agent,3,post,c7,0.8,然后还是跌
305698686327490:c4,305698686327490:c4:r1:s4:bull,4,bull,reflection_agent,4,post,c8,0.6,今天花式下跌
305698686327490:c4,305698686327490:c4:r1:s5:bear,5,bear,risk_analysis_agent,1,root_comment,c4,0.9,利空
305698686327490:c4,305698686327490:c4:r1:s5:bear,5,bear,risk_analysis_agent,2,post,c5,0.85,还是暴跌
305698686327490:c4,305698686327490:c4:r1:s5:bear,5,bear,risk_analysis_agent,3,post,c8,0.8,今天花式下跌
305698686327490:c4,305698686327490:c4:r1:s5:bear,5,bear,risk_analysis_agent,4,post,c7,0.75,然后还是跌
305698686327490:c4,305698686327490:c4:r1:s5:bear,5,bear,risk_analysis_agent,5,prior_argument,305698686327490:c4:r1:s4:bull,0.7,当前看涨论点过度依赖这一单一叙事，忽略了市场短期情绪中弥漫的‘利好落地即下跌’的惯性怀疑。
305698686327490:c4,305698686327490:c4:r1:s6:bear,6,bear,onchain_skeptic_agent,1,prior_argument,305698686327490:c4:r1:s2:bull,0.9,房利美接受加密货币作为抵押品...将直接扩大比特币的实际应用场景和长期持有需求，构成基本面层面的实质性利好。
305698686327490:c4,305698686327490:c4:r1:s6:bear,6,bear,onchain_skeptic_agent,2,root_comment,c7,0.8,然后还是跌
305698686327490:c4,305698686327490:c4:r1:s6:bear,6,bear,onchain_skeptic_agent,3,root_comment,c8,0.8,今天花式下跌
305698686327490:c4,305698686327490:c4:r1:s6:bear,6,bear,onchain_skeptic_agent,4,prior_argument,305698686327490:c4:r1:s4:bull,0.95,看涨论点若要成立，需要后续证据证明市场资金确实因该政策而流入，而非仅停留在概念炒作阶段。
305698686327490:c4,305698686327490:c4:r1:s7:bear,7,bear,sentiment_reversal_agent,1,root_comment,c4,0.9,利空
305698686327490:c4,305698686327490:c4:r1:s7:bear,7,bear,sentiment_reversal_agent,2,reply,c8,0.8,今天花式下跌
305698686327490:c4,305698686327490:c4:r1:s7:bear,7,bear,sentiment_reversal_agent,3,reply,c5,0.8,还是暴跌
305698686327490:c4,305698686327490:c4:r1:s7:bear,7,bear,sentiment_reversal_agent,4,reply,c1,0.7,肯定是利好啊，怎么理解的你们！允许加密货币做抵押，抵押换钱继续买币，市场资金增加，推动价格上涨，怎么学的高中经济的你们！
305698686327490:c4,305698686327490:c4:r1:s7:bear,7,bear,sentiment_reversal_agent,5,reply,c9,0.6,涨行不行
305698686327490:c4,305698686327490:c4:r1:s8:bear,8,bear,reflection_agent,1,prior_argument,305698686327490:c4:r1:s5:bear,0.9,讨论区块内弥漫的‘还是暴跌’、‘花式下跌’等负面预期，以及根评论‘利空’的定性，表明市场对该政策的实际资金流入效应存在深度怀疑
305698686327490:c4,305698686327490:c4:r1:s8:bear,8,bear,reflection_agent,2,prior_argument,305698686327490:c4:r1:s6:bear,0.85,当前所有看涨论点均建立在‘政策利好将转化为实际资金流入’的假设之上，但讨论区块中没有任何链上数据或资金流向证据支持这一转化
305698686327490:c4,305698686327490:c4:r1:s8:bear,8,bear,reflection_agent,3,post,305698686327490,0.7,作为抵押品的加密货币在贷款期间被保管，无法进行交易。即使加密货币价格波动，只要借款人继续支付，贷款条款也保持不变。
